{"cameraMode":{"drawMode":0,"name":"Shaded","section":"Shading Mode"},"sceneLighting":false,"audioPlay":false,"sceneViewState":{"m_AlwaysRefresh":false,"showFog":true,"showSkybox":false,"showFlares":true,"showImageEffects":true,"showParticleSystems":true,"showVisualEffectGraphs":true,"m_FxEnabled":true},"in2DMode":false,"pivot":{"x":240.70252990722657,"y":92.84555053710938,"z":180.73294067382813},"rotation":{"x":0.02459670789539814,"y":0.9535707235336304,"z":-0.08115074783563614,"w":0.2890239655971527},"size":20.295337677001954,"orthographic":false}