{"cameraMode":{"drawMode":0,"name":"Shaded","section":"Shading Mode"},"sceneLighting":false,"audioPlay":false,"sceneViewState":{"m_AlwaysRefresh":false,"showFog":true,"showSkybox":false,"showFlares":true,"showImageEffects":true,"showParticleSystems":true,"showVisualEffectGraphs":true,"m_FxEnabled":true},"in2DMode":false,"pivot":{"x":215.1830596923828,"y":173.99974060058595,"z":212.94122314453126},"rotation":{"x":0.2690803110599518,"y":0.09802790731191635,"z":-0.02754167467355728,"w":0.9577235579490662},"size":1.4605309963226319,"orthographic":false}