{"cameraMode":{"drawMode":0,"name":"Shaded","section":"Shading Mode"},"sceneLighting":false,"audioPlay":false,"sceneViewState":{"m_AlwaysRefresh":false,"showFog":true,"showSkybox":false,"showFlares":true,"showImageEffects":true,"showParticleSystems":true,"showVisualEffectGraphs":true,"m_FxEnabled":true},"in2DMode":false,"pivot":{"x":219.3859100341797,"y":98.97633361816406,"z":211.55978393554688},"rotation":{"x":-0.035461731255054477,"y":0.9640117287635803,"z":-0.20184794068336488,"w":-0.16947539150714875},"size":1.0790315866470338,"orthographic":false}